{"cameraMode":{"drawMode":0,"name":"Shaded","section":"Shading Mode"},"sceneLighting":false,"audioPlay":false,"sceneViewState":{"showFog":true,"showMaterialUpdate":false,"showSkybox":false,"showFlares":true,"showImageEffects":true,"showParticleSystems":true},"in2DMode":false,"pivot":{"x":-0.002963367849588394,"y":0.040653280913829806,"z":0.0013457536697387696},"rotation":{"x":-0.07677888125181198,"y":0.9186760783195496,"z":-0.222197487950325,"w":-0.31744253635406496},"size":0.593081533908844,"orthographic":false}